id,label,text
0_1,1,"Edit: Can't flair, as on mobile.I'm just frustrated right now. I'm sixteen, and my BMI is somewhere around 17.6, I think, and my mom has started to make comments about me being the same size as my best friend, and me being skinny. She just kind of does it in either a disparaging/worried way, or she looks at me like she's jealous that I can fit into things that she can't, and I think she's torn between resenting me and being worried about me. She also makes comments about my eating habits, as in that I only eat specific foods most of the time, and I have a somewhat mono-diet. What frustrates me is that I feel I can't ever do anything which is good enough for her; I always struggled with my weight over the years, which was odd, because she was so healthy and she has custody of my brother and I, and I think me being chubby was always a source of disappointment to her. She literally told me last week that the prettier I am, the happier she is ‚Äì is that a normal thing to say to your teenage daughter? Don't get me wrong, I love my mom, and she has many, many redeeming qualities, but there has always been this issue, for as long as I can remember.I don't know. I guess I'm just here to rant. Also, I use restricting as a means to cope with bulimia (i.e. If I restrict I won't purge, because I feel I'm in control) which she knew about, and never did anything to help me with. I do want to eventually up my calories so I have energy for gym again and just general life-living, but I feel I want to be as skinny as possible first? But I also don't know if/when I can stop, and it's confusing, and hard to deal with on my own. Thanks for reading, if you made it down here."
1_1,1,i am trying not to eat.
3_1,1,I was fasting all day and had to break it at dinner because my friends insisted on me eating out with them. How to get around this? It's happened every day for the last three days and I'm getting depressed because of it.
4_1,1,"I'm stuck at home for spring break. Which means my mom is dead set on cooking my favorite dinners every night. I had 100 calories during the day today, but now it's 6:30 and I've already eaten a ton of chips and guacamole that she made me, and we haven't even started actual dinner which is chicken and dumplings soup. I had to purge some of the guac and now adding in this soup with the amount she expects me to eat I'll just barely be under my TDEE I estimate. I feel so hungry all day and sick when I purge but I'm not even losing and fucking weight to make it worth it. "
6_1,1,"ive been sick for almost a week and have been using it as an excuse to eat whatever. now im finally getting over it, but now my teeth hurt from coughing so much, so im living off of my low calorie juices and tea.I so rarely just cant eat, I can always find an excuse to and it leads to binging of course. now im actually hoping this cough last a few days. im terrible.p.s. being so sick im nearly dry heaving has taught me I truly cant make myself purge."
8_1,1,"he thinks he has ""gained"" because his face isn't as gaunt... I do agree, but contend it TOTALLY could all just be bloat from all the salty food he has been eating after doing his usual not-quite-restricting (because of course, he doesn't have a problem...HA yes neither of us does...HA) He was poking at his ribs and trying to tell me it must be fat gain because bloat doesn't happen between ribs. Aw poor guy, seriously. I try to be consoling and spout off things I've read here that helps me when I'm feeling like I want to ignore the eating disorder voiceAnyway Let's all try to be nicer to ourselves. I'll be deleting this later"
9_1,1,"About 2 months ago I fully accepted I had a problem with binging and purging and decided I needed to do something about it. First, I altogether stopped purging (unfortunately the binging remained) for two weeks and I gained 7 pounds in that short time. I thought I'd be ok with some weight gain. Nope nope nope. Then I started purging again. Now it's worse than ever. I purge as much as I can, usually 3 times per week. That sounds relatively low, but there's one saving grace: I physically can't purge more than about 2 days in a row. After that it is impossible, or almost so. Realizing that I'm just maintaining my weight, I contacted a therapist to try to get help. I had my first meeting this morning. One of the first ways she said to resolve this cycle was by drawing it out and showing me the first thing I need to eliminate: purging. ""Fuck that,"" I thought as I smiled dead-eyed to her face. She told me that weight gain was most likely for obvious reasons. And that's when I tuned the hell out. I realized that I only went to therapy because I (for lack of a better way to put it) want to be able to **still** purge as a backup, but get rid of the binges, which would lead me to a much, much lower (and probably unhealthy) weight. So for now, my stomach grumbles and I push on, hoping that one day my brain and body can be in sync. "
11_1,1,Obviously you still absorb/ingest calories from chewing and spitting...
12_1,1,"I get kinda dizzy and woozy sometimes while fasting, and was wondering what your go-to safe things that help are.. I usually go for a cup of apple juice but I'm not a huge fan of the amount of sugar that has. What are your go-tos? Not extremely filling, but help so you don't pass out."
13_1,1,"i've been repeating a lot of the same excuses when people offer me food and i was hoping you guys could help me out!-i already ate earlier when I was out/home-i'm allergic/lactose intolerant-my brother really likes x, i'll save some for him-i don't really like x-i feel kind of sick right now, i don't feel like eating-i'm fasting for a doctor's appointmentwhat are some of your go-to excuses??"
14_1,1,"On mobile, tag as rant/rave please. So this weekend I fasted Friday and Saturday. Sunday I woke up feeling pretty horrible, feverish and worn down. I drank a bunch of water and still didn't feel better. I planned on having dinner with my mom, but tried to eat something small to start feeling better. Instead, I mini binged. I didn't want to purge because I didn't feel that great to begin with. But I ended up purging anyway. Then repeated mini binge/purge a couple hours later. Then had dinner with my mom and purged that too. Today I feel so shitty, I used to b/p every day years ago but haven't had a day like yesterday in a long time. I had some oatmeal and an apple for breakfast because I had a physiology test today. I just want to lay in bed and sleep my life away right now. I kind of feel like I'm losing it today and I can't tell anyone that. I'm sorry this post is so pointless, I just feel like I'm falling apart and needed to say it to someone. "
15_1,1,"I'm not talking about our thoughts on our bodies or depression and insecurity. I'm specifically talking about hunger and cravings and thoughts of food. I'm pretty miserable both when restricting and now, at 12-1300 calories. I just want to be able to eat what I want!  I want to eat what I want...but I also want to be thin. I know a lot of you have done this for long enough that you don't mind it...but I think about food every second of my life, even if I'm not restricting. I just crave delicious foods. I can't accept that I will NEVER get to eat them without having to go hungry before or after. If I can't do it forever, I wonder if it's worth being miserable over. I am 108 lbs today. I've not lost weight in 2 weeks. I work a 12 hr shift with a girl who is so thin. I watched her eat 600 calories during this period and she was perfectly full. Me however ate the same but was thinking about eating more the entire 12 hrs. "
16_1,1,"I eat about 1500 calories daily, but I feel like I'm overeating. Guess I'm just going crazy lol."
17_1,1,Actually 3900. Shit. And we are supposed to go out this Friday to a place I'm just going to log as 2000 cause its all bad for you and I have to eat or my boyfriend will be sad. I just don't know what to do. In order to balance out these two binges I can't eat more than 150 calories a day and I feel so sick from not eating right now. Any advice is welcome. I just want to lay down. My body hurts so bad.
18_1,1,"...and I'm very apprehensive because I won't have my scale tonight and will be forced to eat with people. Generally, I feel safe with this person but this is the first I have really dealt with this since coming into my relapse. Any advice? :(Apologies for no flair, on mobile"
19_1,1,"Hi everyone, I've been a long time lurker but I never had the guts to write. Hope you don't mind strangers dropping in. I have struggled with binge eating for as long as I can remember. Lately I've been so good and I've been fasting for 7 days straight (I did have a 300 cal meal on day 3 and today) and I lost 9,8 pounds so far this month. But today I can feel the binge coming, and I don't know if I can resist it this time. All I want is to shove my face in some burgers and fries. I don't know what to do."
20_1,1,"I fasted for 17 hours, and I decided to break the fast with a banana, 12g of dark chocolate, and a cup of black coffee. That all together amounts to under 200 calories, and with dinner, I'd be at roughly 700 calories for the day.Then I decided to open the fridge. Bad idea. I had a ham sandwich.  I had 4 dough balls with garlic butter dip. Then I had a chocolate croissant. Then I had 5 chocolate cookies. All that amounts to 808 calories.But you know what, guys? I'm not feeling discouraged. I reminded myself of my goal, that I have 7 days to lose at least 2 pounds. Sure, I feel shit and my stomach feels bloated as fuck, but I'm going to burn off as much as I can without making myself ill.I'm just happy that I managed to stop myself before things escalated. I can do this. *I can do this.*EDIT: Decided to tackle the calories; 700 jumping jacks, 80 squats, 5 min wall sit and half a mile walk - I'd say that's better than crying into a pillow like I'd usually do."
21_1,1,anyone here deal with this as well? i decided to eat maintenance today and even though im quite full right now i feel this super overwhelming desire to eat. i dont wanna give in and gain today
22_1,1,"So I can't do a 24 hour fast... yet, but I figured that I can fast during the night + some hours in the morning and afternoon. I was wondering if anyone else does this and what the results are. Edit: on mobile can't flair "
23_1,1,"I was in hospitalized for 17 days at 121 pounds (I'm 5'7) and now I'm in a partial program, both said the goal was for me to maintain and be healthy but I recently found where my mum hid the scale and stupidly weighed myself. 130 fucking pounds.... I don't want to eat and I surely don't want to keep doing this.. I don't know what to do anymore"
25_1,1,BBC iPlayer - The Weight Cut: Extreme Weight Loss
27_1,1,"Daily Food Diary! March 13, 2017"
29_1,1,"Constantly tired, cold and hungry"
30_1,1,"(Rant) Best Idea, or Worst Idea? Working out in front of a mirror."
31_1,1,[Discussion]- Anorexia vs Orthorexia
42_1,1,Just binged oops
43_1,1,Anyone else's joints hurt when they're restricting?
44_1,1,Binged
45_1,1,Texas Roadhouse has great purging bathrooms.
46_1,1,I pour dish soap on my food.
49_1,1,The difference of five pounds
50_1,1,I have this terrible fear of losing my teeth due to ED
53_1,1,"""healthy fats"" are a grand conspiracy against me"
58_1,1,An extra 300 calories a day pushes my goal weight timescale back an extra 3 months...
59_1,1,"My ED has really just warped my sense of reality, and it's crippling me"
61_1,1,Daily thinspo.
62_1,1,Trying to plan clothing months in advance is hell
63_1,1,"Truly a disorder, never happy."
65_1,1,Drinking too much and bulimia actually go pretty well together
66_1,1,Everything feels like such chore when I'm not underweight
70_1,1,Good post by a guy who lost 260 pounds by restricting
72_1,1,"Daily Food Diary! March 12, 2017"
73_1,1,Does purging calm anyone else or is it just me?
75_1,1,mo' money mo' binges
76_1,1,On mobile/can't flair. Who else has thinspo pics from many years ago that still have some special trigger to them? /:
77_1,1,DAE have an ever growing pile of diet soda boxes? Lmao.
79_1,1,Almost a week into having to eat near maintainence for my prom dress.
82_1,1,I saw the smallest girl today at work. It made me hate myself.
86_1,1,I went shopping today and realized just how disproportionate I am.
87_1,1,"Can We Talk About Purge Harm Reduction, Pls?"
88_1,1,fourth time purging today.
92_1,1,I did the most ED thing this morning. What's have you done lately that made you feel like a stereotype?
97_1,1,Bryana Holly Thinspo Gallery
99_1,1,Your experiences with blood donation and restrictive eating.
100_1,1,"You know that back-on-the-restricting-train fog? It's here, and I can't think straight."
101_1,1,Thinspo
105_1,1,Daily thinspo
108_1,1,Had to eat breakfast:(
109_1,1,I don't come on here when I'm binging
110_1,1,When you binge and lose weight!!
112_1,1,"Daily Food Diary! March 11, 2017"
113_1,1,More scale talk
119_1,1,"Everynight, just making myself miserable looking at Thinspo that I can't achieve :("
120_1,1,"feel bad for this, but I wish my illness was physical."
122_1,1,I ate and feel disgusting
124_1,1,DAE hate painting their nails because you can't tell whether or not your fingernails are blue under all that polish?
125_1,1,Did you lose your libido and if so how long before it returned after ceasing restriction?
126_1,1,I ate over my daily calorie intake today
128_1,1,"DAE stare at basically everyone's legs/bodies when they walk past in the street, trying to mentally decide how you compare to them or trying to work out their stats?"
130_1,1,Daily Thinspo..
131_1,1,My ED has made me a terrible person.
136_1,1,"""You don't have to loose anymore""... yeah okay..."
137_1,1,Hit my first goal weight!!
141_1,1,"Daily Food Diary! March 10, 2017"
142_1,1,"Weekly Selfie, Progress Pic and OOTD Thread! March 10, 2017"
143_1,1,Are ED's pre-existing conditions? Scared to talk to professionals...
148_1,1,"Daily Food Diary! March 10, 2017"
149_1,1,Help- mom is making fried chicken for dinner
150_1,1,Considering eating nothing but soup next week - experiences? (Mainly interested in digestion experiences)
152_1,1,Binging after reaching a new LW
155_1,1,Binge binge binge binge binge
159_1,1,Is anyone else here a pear shape naturally? Any luck with slimming lower half? :(
160_1,1,I'm such a disgusting pig.
161_1,1,My current Thinspo. Don't think it's possible for me to ever achieve though üò¢
166_1,1,The fact that I can't purge truly pisses me off
167_1,1,No Frills Twins ED?
168_1,1,Help!! Send me your Safe Snacks?
170_1,1,"Binged last night, feel terrible today"
171_1,1,I don't want to eat. I just want to binge.
178_1,1,Replace peeps with pretty much all food üôÉüôÇüôÉüôÇ
179_1,1,"New here, recently relapsed and just wanted to get this all off my chest"
181_1,1,Daily Thinspo
182_1,1,Semi restricting to keep myself sane
186_1,1,"Stuck to under 700 cal every day this week, but was forced to eat 1500 yesterday. Help me calm down so I don't purge?"
188_1,1,"Daily Food Diary! March 09, 2017"
194_1,1,Im too poor to support my ED
195_1,1,"New to ED, where do I start?"
197_1,1,A sudden revelation while entering my binge into MFP
198_1,1,I need to go.... this disorder is killing me
199_1,1,The Skinny Girl Inside of Me
201_1,1,Has anyone ever successfully done a 24 hour fast to make up for a binge day?
203_1,1,DAE feel absolutely bitter and angry about the air of competitiveness in the ED world?
206_1,1,8 days b/p free...until today. I feel like I ruined everything.
207_1,1,Feeling like a fraud for not being skinny
3171_1,1,tcb-script]as you have learned about pro-ana and let's get into the details of pro-ana and how to avoid eating
3173_1,1,"more and more people are thinking about losing weight and becoming thin not only to be healthy, but it has also become a lifestyle"
3174_1,1,the most popular trending lifestyle is pro ana where one tends to eat nothing to be slim and thin
3176_1,1,tcb-script]pro ana recipe is essential in helping you to shed off the excess weight
3181_1,1,you need to combine pro-ana workout with pro ana recipe for you to get faster results
3185_1,1,tcb-script]the anorexic diet plan is interesting and helpful
3188_1,1, you can opt to combine both pro-ana diet with the workouts so that you can get amazing result
3192_1,1,following an anorexic diet is beneficial to your health
3194_1,1,tcb-script]pro ana is a term that means changes or improvement on your diet
3199_1,1," you eventually lose your appetite, and you embrace diet disorders"
3200_1,1, this contributes to poor feeding patterns and weight loss
3201_1,1,tcb-script]are you concerned about your weight and you want to shed it off? do you have an interest in engaging in pro ana workouts? your weight plays a big role in your health condition and flexibility
3210_1,1," in today‚Äôs world, beauty is synonymous with skinny"
3211_1,1,we go nuts over the smiling faces of celebrity models and actors in sleek outfits perpetuating the ‚Äúslimmer is better‚Äù narrative across our social media platforms
3214_1,1,"with these images in mind, it is no wonder that thinspiration or as teenagers dubbed it thinspo, ¬†is all the rage these days"
3217_1,1, i do not want this to be one of those pro-ana sites that just copy and paste from other sites
3220_1,1,the pro ana lifestyle¬†‚Äî i really like this site for the thinspo
3222_1,1," the quotes page is great as well, and the ‚Äúana religion‚Äù writings that are flying around the internet are even more extensive on this site than what is typically seen"
3224_1,1,pro-ana lifestyle¬†‚Äî this is not the same site mentioned above
3225_1,1, and i love this one for its thinspo and unique homework page
3228_1,1," overall, i list this one here because the girl is like many of the girls drawn to my site who began their ana journeys with a higher bmi"
3229_1,1,keeping all our secrets¬†‚Äî nice feel to the site
3230_1,1, lots of in-depth information on popular ana diets
3231_1,1,pro-ana anne¬†‚Äî i like her blog
3233_1,1,ana tips¬†‚Äî i don‚Äôt actually know what this site really is
3239_1,1,"after a binge¬†‚Äî love, love, love this girl‚Äôs post here about post-binge recovery"
3240_1,1," there are lots of articles online about this, but i like that this is written with the anorexic frame of mind"
3243_1,1," it‚Äôs not pro-ana minded, but still a good read"
3246_1,1,my pro-ana¬†‚Äî a really good forum for all things ana
3248_1,1," after all, in this era where everyone is trying to be slim and fit, anorexia is considered as a lifestyle rather than an illness"
3249_1,1," apart from pro ana diets and workout routines, fasting is another way by which you can shed that extra pound"
3250_1,1, though many of us think of fasting as starvation
3253_1,1, and so here are a few pro ana fasting tips that you should always consider to boost your metabolism and in turn enhance weight loss
3254_1,1,contents1 fasting and its types2 benefits of anorexic fasting3 best pro-ana fasting tips3
3260_1,1,"medium fasts range between 28-42 days, which should be performed by the dedicated fasters only"
3261_1,1, the benefits and results are astonishing of a 35 day fast
3270_1,1," and of course, it initiates rapid weight loss that you are aiming for"
3274_1,1,individuals on an anorexic diet need to have a fresh start most of the time
3275_1,1, and so in such case fasting motivates you and gives you the enthusiasm for that start
3276_1,1,"now that you are a little aware of the pro anorexia, and types of fasting we can move on to the pro ana fasting tips"
3277_1,1, these are some typical fasting tips that can work wonders for people beginning their journey towards this new lifestyle
3278_1,1,keep you fasting as a secret- try not to tell a lot of people about your fasting
3279_1,1, as this will draw a lot of public attention towards you and will then and you in trouble
3280_1,1,avoid watching tv ‚Äì¬†try not to watch tv as you don‚Äôt need any kind of commercial temptation of food at this time
3285_1,1,sleep ‚Äì¬†motivation and energy are the key factors that help you keep your fasting mode on
3286_1,1," and so in case of lack of energy, take lots of naps"
3295_1,1,pro-anorexia is gaining popularity amongst the youngster
3296_1,1," and if you too want to adopt this lifestyle to be in the race of fit and healthy people, then you can take help of these pro ana fasting tips for beginners"
3307_1,1,"so, guys, this was all about the pro ana fasting tips and tricks that will help you lose weight at an average rate"
3308_1,1," you might think that fasting can be difficult, it is indeed, but as the saying goes- no pain no gain, one will have to bear their hunger to get better results"
3311_1,1," the merriam webster dictionary defines religion as ‚Äúa cause, principle, or system of beliefs held to with ardor and faith‚Äù and that is exactly what pro-anorexia or pro ana is"
3313_1,1, nowhere is this more pronounced than with pro-anorexia or pro ana tips
3314_1,1, pro ana inspires a cult-like devotion among anas or rexies as pro ana enthusiasts like to be called
3315_1,1,"contents1 so, what exactly is pro ana?2 pro ana tips & tricks2"
3320_1,1,5 #‚Äã5 purge yourself2
3324_1,1,9 #‚Äã9 stand in front of the mirror often2
3328_1,1,13 #1‚Äã3 communal diets2
3330_1,1,15 #1‚Äã5 try eating alone2
3334_1,1,19 #19 follow diet rules3 my personal secret to constant weight loss4 ¬†beginner‚Äôs pro ana diet5 the three-week diet6 skinny bitch diet6
3342_1,1,7 sunday7 the vegan model diet8 the mixed carb 400 diet9 the rainbow diet¬†9
3349_1,1,5 sunday (green):10 objectives of pro ana support sites11 facets of the pro ana lifestyle11
3351_1,1,2 devotion12 pro ana symbols¬†13 pro-ana bracelets14 pro ana shirts and other merchandise15 pro ana songs16 pro ana books17 facts about anorexia17
3357_1,1, anas want to attain a super slim body with the coveted thigh gap and low bmi
3362_1,1," you have, however, to be prepared for tough language and body shamming that is the backbone of pro ana inspiration"
3363_1,1,show me now #1 create a motivational ‚Äãlistlist all the bad food you should not eat until you achieve your target weight
3364_1,1," plus, download and put up pictures of people who inspire you all over your walls as a constant reminder of your goal"
3365_1,1,#2 have a targetset a target of your ideal weight (which should be below the recommended bmi weight) before you begin a diet
3366_1,1, it is also advised that anas set periodic target weights for each week that are realistic and which they can attain
3367_1,1,#3 monitor your food intaketrack your calories input throughout the day
3368_1,1," therefore, pro ana sites provide calories calculators and encourage the use of apps for the same purpose"
3369_1,1, the goal of this activity is to ensure that you always consume less calories than your body burns up through exercise and normal body activities
3372_1,1,#‚Äã5 purge yourselfpurge yourself e
3373_1,1," through vomiting, after every meal to reduce the number of calories that are absorbed by your body"
3374_1,1, use laxatives to force the body to purge most of what you have consumed before the body has a chance to digest and use it
3375_1,1,#‚Äã6 fastingintermittent fasting is highly encouraged and this phase is combined with the pre-established exercise regimen so anas are still losing weight even as they fail to consume anything
3377_1,1,#‚Äã7 keep hydrateddrink a lot of water because water is like a magic pill
3378_1,1," not only does it keep your body hydrated and functional, it also fills your stomach making you eat less food"
3379_1,1, consume a lot of tea and coffee which are commonly known to be appetite suppressant
3382_1,1,"#‚Äã9 stand in front of the mirror oftenother than eating in front of the mirror, anas are encouraged to spend time in front of the mirror daily to evaluate themselves and keep motivated"
3383_1,1,#1‚Äã0 wear short clothesdress in short revealing clothes to enable you to easily keep track of areas of your body that you need to work on
3384_1,1,"on the plus side, this also allows you see the parts of your body that you do not like and this will only serve to keep you motivated to change the parts you don‚Äôt like"
3388_1,1,#1‚Äã3 communal dietsparticipate in communal diets as opposed to the taking part in solitary diets because buddies can share problems and successes and keep each other motivated to observe the diet to its conclusion
3389_1,1,#1‚Äã4 try to go vegango vegan to reduce the dreaded animal fats found in animal products including milk and eggs
3391_1,1,#1‚Äã5 try eating aloneanas are encouraged to sometimes eat alone so as to keep their ‚Äúlifestyle choice‚Äù a secret from their loved ones for as long as possible
3392_1,1,"psychologically, this is a common cult technique because it leaves the individuals lonely with the only source of comfort coming from the community"
3393_1,1,¬†#1‚Äã6 exercisesexercise compulsively and ensure that you burn a lot more calories than you consume throughout the day
3394_1,1, pro ana sites encourage members to exercise past the muscle exhaustion rate leading to fainting spells due to excessive exhaustion
3395_1,1,pick an area of your body to concentrate on each time and pick exercises that help you trim that part of your body
3399_1,1,"#1‚Äã8 reward yourselfmembers are encouraged to reward themselves for finishing a diet, completing a series of exercises and of course, weight loss"
3400_1,1," such rewards are, of course, non-dietary and include rewards such as holidays, clothes, jewelry etc"
3401_1,1,#19 follow diet rulesrexies also have to follow the rules of the diet they being and strive to never break any of them
3402_1,1, members are therefore advised to keep a record of the rules in their weight loss diary throughout their weight loss journey
3403_1,1,"now that you are well appraised on the tricks of being a rexie, you know you have to watch what you eat as well as exercise what you do eat so you can exorcise those calories"
3407_1,1,"¬†beginner‚Äôs pro ana dietweek 1week 2week 3¬†week 4day 1, 2 and 3 limit your diet to 700 caloriesday 4, 5, and 6 keep a 500-calorie limit and don‚Äôt eat any bread, pasta, or cerealday 7- fruit fastlimit diet to 500 calorie and don‚Äôt eat any bread, pasta, or cerealfruit fastday 1, 2, and 3- fruit fast and one cup of fruit juice each dayday 4- fruit fastday 5, 6, and 7- soup fast, but don‚Äôt include any creamy or high calorie varietiesbeing a rexie requires loads of exercises"
3412_1,1, the flatts have years of experience with weight loss as well as anorexia and bulimia
3413_1,1,the three-week diet focuses on making you lose 25 to 30 pounds in just 3 weeks
3414_1,1,this diet by brian flatt retails at $47 and is sold as a pdf document
3415_1,1," each week, the diet introduces a new phase where pro anas are gradually weaned of bad foods in favor of whole foods"
3417_1,1,"the meal plan by pro ana tips and tricks is accompanied by a workout manual that when utilized, increases the weight loss results"
3419_1,1,"upon completion of the diet, you must monitor your body weight daily and should you gain three pounds, go back on the diet immediately"
3421_1,1, this is referred to as the three-pound rule
3422_1,1,brian flatt is very straight forward in his motivation to encourage you to lose weight and keep it off
3423_1,1," meanwhile, here are a few inspiration quotes that we found to be greatnothing tastes as good as skinny feelsdo not reward yourself with food"
3424_1,1, you‚Äôre not a doghungry to bed
3425_1,1," hungry to rise makes a girl a smaller sizeif you have to eat, eat in front of the mirrorthere are lots of other diets to try"
3426_1,1," for example, the skinny bitch diet has been a real inspiration to many anas"
3427_1,1,skinny bitch dietthe skinny bitch diet is presented in a bestselling book titled skinny bitch which has been co-authored by rory freedman and kim barnouin who are both veterans of the model industry
3430_1,1, this is generally the heaviest meal of the day
3431_1,1,you will love the kick-ass motivational quotes in the skinny bitch diet book that leave you with no goal other than to lose more weight
3432_1,1," there will be no more meats, dairy products or white flour for you"
3433_1,1,"here is a sample diet plan from the skinny bitch bookweek onemondaybreakfast: mango, banana, kiwi and soy yogurt lunch: spinach salad w/ shredded carrots, chopped almonds, red onion, fresh garlic, cubed tofu and sesame oil dinner: pasta with zucchini, tomatoes, garlic, fresh parsley, pine nuts and olive oil tuesdaybreakfast: fresh squeezed orange juice, whole grain muffin with soy butter, banana and strawberries lunch: tabouli salad with marinated tofu, eggplant, and red peppers dinner: veggie nachos - corn chips with veggie chili, soy cheese, guacamole, scallions and tomatoes wednesdaybreakfast: fresh squeezed grapefruit juice and slow-cooked oatmeal with blueberries, strawberries and raspberries lunch: veggie burger on whole grain bun with red onion, lettuce, tomato, avocado, and alfalfa sprouts"
3447_1,1, here is a perfect one to attain the thigh gap¬†(note that all diets and exercises are drawn from internet sources)
3448_1,1, objectives of pro ana support sitesthe pro ana lifestyle is a lonely one
3449_1,1," with the growing resistance towards the proana way of life, rexies often get lonely and need to connect with other rexies who are on the same journey"
3451_1,1,"facets of the pro ana lifestylemethodspro ana forums share weight loss tips, motivational messages and images and communal dieting opportunities"
3452_1,1,devotionpro anorexia enthusiasts have found solace in the ‚Äúgoddess of emaciation‚Äù
3453_1,1, she is the true image of skinny=beautiful and she offers constant encouragement to her subjects
3454_1,1,some site owners even write letters from ana which serve as encouragement for the members to keep up the lifestyle
3455_1,1,"follow pro ana rules to the letterpro ana sites encourage rule following with sayings such as, ‚Äúwhat nourishes me destroys me‚Äù"
3456_1,1,"all anas must follow the commandments and directions, failure to which they will face thorough punishment"
3457_1,1,anas must maintain confidentiality at all times
3458_1,1,pro ana sites are largely private groups and admission to these sites requires approval by the site‚Äôs administrators
3459_1,1," new members are therefore forced to post their current and ideal weight, age and sex on the site before they can be approved to join the community"
3460_1,1,"¬†members must post photographs of themselves, accompanied by their body statistics as well as keep members updated of their weight loss progresspro ana symbols¬†the dragonfly is seen to be the symbol for pro ana"
3461_1,1," anas, as pro ana enthusiasts refer to themselves, identify with this insect because of its long, thin body, beautiful/ colorful body color and its light, translucent wings"
3462_1,1,"pro-anna individuals see these insects as the epitome of beauty and elegance, a state in which they hope to achieve themselves"
3463_1,1,a silver dragonfly charm features in red bracelets to separate them from regular bracelets and to further help anas identify each other on the streets
3464_1,1," further, the addition of the dragonfly charm indicates a sense of pride in the practice"
3465_1,1,pro-ana braceletsred bracelets with a dragonfly charm
3468_1,1,the tag ‚Äúred bracelet project‚Äù now features on most pro ana sites encouraging their followers to wear the bracelet as a secret message to each other so they can identify each other on the streets while remaining¬†unobtrusive enough to be ignored by those outside the religion
3470_1,1,"further, the colorful and beautiful bracelets serve as a constant reminder to anas that they should keep up the practices while serving as a badge of honor to those who are ‚Äúsucceeding‚Äù"
3471_1,1,people who defend the pro ana bracelets claim that they provide a way for people who are suffering from anorexia to identify each other and those who will not judge them as they work through their problems
3472_1,1,"they, therefore, use this sense of community narrative to justify the wearing of pro ana bracelets but there are more people wearing the bracelets who are current subscribers of the religion than those who are recovering from it"
3474_1,1,"pro ana shirts and other merchandisefor those who dislike wearing bracelets, a red t-shirt on mondays is advised"
3475_1,1, these serve the same role played by the bracelets and help pro ana individuals recognize each other on the street
3476_1,1,"but as the fad increasingly gains momentum, online shopping malls are now openly selling pro ana branded merchandise such as shirts, mugs, bags and more"
3477_1,1,¬†pro ana songsthis was perhaps the most shocking discovery of my research into this underground fad
3478_1,1,"a musician called king adora has a song titled big isn‚Äôt beautiful with lyrics such as ‚Äúi want to feel my bones on your bones,‚Äù ‚Äúskinny is sexy, sweet anorexia, skinny is sexy, big isn‚Äôt beautiful‚Äù and other similarly catchy lyrics"
3479_1,1,"other artists in this genre include catatonia, jill sobule, outcast youth, anorexic beauty, lemon and so much more"
3481_1,1,"pro ana booksas stated above, skinny bitch is a best-selling book that advocates the pro ana lifestyle which is rampant in the modeling industry"
3482_1,1, it is one of many books but all would be well if the books only sold dietary plans because then most of those exposed to the pro ana comunity would be those who actively seek them out
3484_1,1,"a cursory search of wattpad, a popular online novels site, indicates that the hashtags pro ana tips, anorexia and pro mia (standing for those who advocate for bulimia) are common and rampantly used"
3485_1,1,the psychological effect of this is that readers who are simply seeking fictional tales will be exposed to a romanticized version of the diseases (anorexia and bulimia) leading to their eventual desensitization of the seriousness of the illnesses
3486_1,1,"this situation creates alarm because these readers could end up joining ana religion without a proper understanding of its ramification, especially for the vulnerable youth who may already be facing body image issues"
3499_1,1," final words:ultimately, the pro ana tips and tricks is all about perception"
3501_1,1,"truth be told, there are some crazy tips associated with pro ana or thinspiration lifestyles so keep a sober head on your shoulders and even as you endeavor to lose weight, you don‚Äôt practice the extremist practices out there"
3503_1,1,be careful who you engage in so the only thing you lose is those stubborn calories and nothing else
3540_1,1,paula help i way 140lbs and im only 12 it horrible i need help im a fat pig help plz i need help now plz anyone help me pls pls pls
3557_1,1,"old woman again i know my rant will probably not make the cut because comments containing sound content that speaks to the chaos of what you people promote, and discourages peace and healthy lifestyles are clearly not welcome"
3564_1,1, i am interested in an ana buddy
3570_1,1,"r i have tried to lose weight multiple times and then gained all 45 lbs back plus more due to medication for severe anxiety and depression but i still dont eat as much, but how do i lose weight fast even though i am excercising and barely eating"
3571_1,1,anon you are the reason sites that promote support such as mpa get shamed
3572_1,1, we‚Äôre not a cult
3573_1,1, we‚Äôre not ‚Äúanas and rexies‚Äù
3575_1,1,"crazy figurelive healthy, look healthyhometipsskinhealthoctober 28, 2019 by natalia leave a commentabc diet plan pros & cons with diet chart [including faq‚Äôs]the endless quest for the ideal weight and body shape has been a goal which has been pursued universally for centuries"
3579_1,1, it is famously known as the abc diet or ana boot camp diet in full
3580_1,1,the radical diet plan is based on manipulating your metabolic system to speed itself up without adversely affecting your physical health or kicking your system into survival mode
3581_1,1,the main focus of the diet is on tricking the body‚Äôs metabolism into top gear without going into starvation mode
3582_1,1," once the metabolism rate increases, body fats (lipids) are burnt at a faster rate than normal which aids significantly in weight loss and shaping up your body towards your desired goal"
3586_1,1, this reaction by the body will dramatically reduce any chances of weight loss altogether
3589_1,1,checkout pro ana tips for more diet plans in our previous post
3590_1,1,restrictive form of diet which requires regular fasting throughout its cycles
3591_1,1,day) is also there which is quite drastic on anybody‚Äôs scale
3592_1,1,predictable and unhealthy dietary habits
3597_1,1, it has been reported that participants have felt more energetic than ever before and lost massive amount of weight in the process
3605_1,1,preference on what has to be eaten and what has to be avoided
3612_1,1,third you should change the calories and consume 300 for the third day
3613_1,1,fourth day raise the calorie count to 400
3614_1,1,day until the count rises to 500
3615_1,1,intake should be zero
3617_1,1,limited from 150 calories to maximum of 400 calories at the very most
3618_1,1,with 150 calories only
3619_1,1,200 calories on the second day of the cycle
3622_1,1,350 calories
3624_1,1, on the sixth day of the cycle decrease it to 200 calories
3625_1,1,day is unique to the cycle in the sense that you must fast on that day
3630_1,1,particular cycle ranging from a measly 50 calories to a high of 800 calories
3631_1,1,is still 1200 calories per day
3633_1,1,calorie value constant for the next consecutive days to 200
3634_1,1,and raise the level to 300 calories on the eighth day
3635_1,1,highest when the calorie count rises to 800 in total for the day
3641_1,1, kick off this cycle with 250 calories on day 1
3642_1,1,increase of 100 per day for day 2 and day 3
3643_1,1,cycle with a mandatory fast
3644_1,1,cycle is another long cycle which starts from day 37 and end at day 50
3647_1,1,day of the cycle must start with 500 calories
3648_1,1,each day until the calorie count drops to 200
3650_1,1, the next day it should be reduced to 200 calories once more
3651_1,1,increase calorie count to 300 followed by another reduction to 200 thereafter
3652_1,1,the second last day of the cycle should only allow maximum of 150 calories
3653_1,1,last day of the cycle and the last day of the abc diet must be ended with a fasting day for good measure
3663_1,1,rapid weight loss within a span of less than two months
3669_1,1,compounding of the illnesses that are already plaguing them
3670_1,1,excessive smoking or drinking
3672_1,1,situations a diet such as abc diet is nothing short of a literal lifesaver
3675_1,1,restricted to 50 days and not more
3677_1,1,daily average diet of at least 1200 calories
3678_1,1,context to the example note that even a humble egg has 150 calories to it
3683_1,1,anorexia and bulimia
3688_1,1,you should constantly monitor your progress for your own safety
3698_1,1,frequently asked questionswhat is the abc diet?abc diet or ana boot camp diet is a renowned diet plan which is based on manipulating your metabolic system in order to speed it up without adversely affecting your physical health or kicking your system into starvation mode
3699_1,1, this is achieved by intake of small amount of calories throughout a diet program spanning 50 days
3701_1,1, each cycle includes fasting as well and cycles are typically ended with a day of fast as well
3702_1,1, how much weight do you lose on an abc diet?it is pertinent to note that the diet program is extremely effective at helping people lose weight quite rapidly
3703_1,1, if the instructions are followed properly and with a good diet plan it is normal for a person to lose approx 20 lbs to 30 lbs within a matter of few weeks
3705_1,1, what should you eat during an abc diet?the diet does not dictate on what you may or may not consume during the duration of the diet plan
3709_1,1, what is important is that you stick to the recommended daily calorie chart
3710_1,1, how to stick to abc diet?determination and perseverance are keys for sticking to the diet
3711_1,1, it is advised to give the diet plan a trial run first
3712_1,1, try for the first 10 days (first cycle)
3713_1,1," if you see positive changes, your motivation levels will automatically surge and spur you on to stay the course and finish the diet regimen"
3714_1,1, constantly monitoring yourself is essential with the help of fitness apps or maintaining a log book of your dietary habits
3715_1,1,surviving the abc diet are proper awareness and planning
3721_1,1,filed undertipsleave a reply cancel replyyour email address will not be published
3722_1,1,"if you were looking for the best anorexic diet plan and tips, then this is the right page"
3725_1,1," in today‚Äôs world, the idea of becoming anorexic is highly supported"
3726_1,1, the trend of being skinny aka anorexic is appreciated and seen majorly among the teenagers
3728_1,1, people all over the world who want to shed that extra pounds are curious to know about the anorexic diet
3730_1,1," and so in this article, we are sharing the different types of anorexic diet plan that will help you achieve your dream of becoming anorexic"
3731_1,1,"but guys, before moving on to the diet plans for anorexia, let me warn you that this diet is not to convert you into a patient of anorexia nervosa"
3732_1,1, we would want you to use the anorexia diet plan to shed that extra pounds
3733_1,1,contents1 what is anorexic diet?2 how to become anorexicthe right anorexic diet2
3734_1,1,1 the baby food weight loss diet2
3735_1,1,2 the five-bite weight-reduction plan2
3736_1,1,"3 the air weight loss plan:3 tips for becoming anorexic, the healthy way3"
3750_1,1,here are the various anorexic diet plans that you might want to incorporate into your lifestyle
3751_1,1,"in case you are thinking of how to become anorexic, let us begin with the baby food weight loss diet"
3753_1,1," the guideline for this diet is pretty simple, you just have to ingest baby food"
3757_1,1," with this diet plan, you can easily achieve the anorexic state as you are consuming only nutritious food"
3760_1,1," also in case you get the feeling of starvation, you can munch the same baby food as snacks"
3761_1,1," in case of a mushy feeling, you can cheat your meal with a granola bar"
3762_1,1," this is a superb approach for weight reduction, as it is not expensive when compared to the other anorexic diet plans"
3763_1,1,another anorexic diet plan that will help you in severe weight loss is the five-bite weight reduction plan
3764_1,1, this is just perfect for those who eagerly want to know how to be anorexic
3766_1,1, you can have only 5 bites of the food that you like
3767_1,1," and mind you, no more than five bites at breakfast, lunch and then at dinner"
3768_1,1,the best thing about this diet plan is there are no constraints in regard to the food that you can eat as long as you are taking just five bites of it
3769_1,1," moreover, the plan will be much better if the five bites that you take is of something healthy and nutritious"
3770_1,1," and for the rest of the day, you are allowed to drink anything as long as it doesn‚Äôt contain any calories"
3772_1,1,"as the name suggests, according to this diet plan you have to eat more of air and less of solid food"
3773_1,1," just say no to real food, and pretend to eat it"
3774_1,1, the air diet is basically a french-created plan
3775_1,1, it is also named as the secret anorexic diet
3776_1,1, the diet proposes that you must not consume any form of solid food for some time
3777_1,1," you can survive on water, soup, and juices"
3779_1,1, take a plate and fill it with food
3780_1,1," now bring a loaded spoon close to your mouth, but do not eat! as the name says aird diet, just smell the aroma aka air of food"
3782_1,1," according to one of the campaigns by dolce and gabbana, the hollywood figures were portrayed with food near their lips but never eating it"
3789_1,1," here are a few tips for becoming anorexic, via a healthy way"
3792_1,1, therefore motivation is very important and the need to convince your brain to control the satiate for hunger should be achieved
3793_1,1," for this one can chat with people, converse with a pro-ana counselor, visit forums and blogs about anorexia or get motivated by celebrities and their way of living to achieve this physical state"
3796_1,1," and so if you are on an anorexic diet, and are feeling hungry then we would suggest you consume a glass of water or two"
3797_1,1, remain hydrated as it is very essential in the process of becoming anorexic
3799_1,1, it is important that you choose the right plan to become anorexic
3803_1,1, these are the anorexic diet plans that you can follow to lose extra weight
3814_1,1,"i had a hole in my heart, so i threw away my plate, because nothing filled me up, no matter what i ate"
3817_1,1,i do eat normally - only what is needed for survival
3819_1,1,"through prayer, fasting and meditation i will drop below 100 pounds, the dreaded three digits"
3827_1,1,"i want a body with sharp edges"" i say after a while, because she won't let me wriggle out of an answer"
3830_1,1, but when i don't eat i feel good
3831_1,1, i feel empty and it's wonderful
3832_1,1,i feel so powerful on an empty stomach
3833_1,1, like i could fly when i don't eat
3834_1,1,"and sticking together, so it's much safer not to eat"
3835_1,1,"if anyone has anymore inspiring thinspo quotes, send them my way and i'll put them up here"
3836_1,1,"crazy figurelive healthy, look healthyhometipsskinhealthjune 27, 2019 by natalia 18 commentspro ana tips and tricks with proper diet planwho likes to look fat when you can go for a good bet to lose weight within weeks? say goodbye to obesity with these pro ana tips that offer a healthy yet rigorous diet plan, promising to melt your fat right away"
3837_1,1,pro-anorexia is a lifestyle change that can help you lose extra pounds quite effectively and really fast (just within weeks)
3838_1,1,"26 final words all about pro anapro-ana is a short form of pro-anorexia which refers to the adaption of behavior related to an eating disorder, anorexia nervosa- a serious mental illness in which a person refrains from eating and keep starving in the fear of getting obese"
3839_1,1," in pro-ana weight loss plan you have to strictly follow a healthy diet plan, cut down calories, and exercise daily"
3840_1,1," once you get along with pro-ana, you will start shedding weight within weeks!pro-ana is not at all a new concept"
3845_1,1,¬†tips to follow to get successmost people follow this method but the right use of the pro-ana is very important
3846_1,1, if you really want to get positive outcomes then it is important to follow the pro ana tips and guides
3852_1,1," for example, if you are following the rainbow plan in one week then in the next you can try abc plan"
3857_1,1, if you are serious to lose weight at least 25 pounds a week then you can check it
3858_1,1,show me nowmake a list of food to add & avoidanother tip that can help you in getting progress and success in pro-ana is making the list
3859_1,1," do homework, think thoroughly and start writing the things that cause the weight gain"
3862_1,1,"set a target weightthis is very important like any project, we set the goals to achieve success same is the case with weight loss project you must check your weight and then set the goal that you have to achieve"
3871_1,1,follow the pro-ana diet or not
3872_1,1,pro-ana diet for your motivation and guidance
3887_1,1, this diet plan includes:very less calorie intake
3904_1,1,¬†abc dietit is the short form of the ana boot camp diet
3905_1,1," in this diet plan, you have to keep the calorie limit that is 50 to 500 calories"
3909_1,1," in this diet plan you have to eat the food that start with a, b and c"
3910_1,1," have a look on example for the abc dietabcinclude antelope, apple, asparagus and abalone"
3913_1,1,rainbow dietdr
3915_1,1," in this plan, you have to eat one color in one day and skip wednesday"
3917_1,1, you can choose the color of your choice and follow the plan strictly in order to achieve the dieting goals
3918_1,1, you can follow the rainbow diet plan given below1
3940_1,1,15 pounds in a week and continue to lose to reach your goal
3941_1,1,800 calories per day
3942_1,1," in this plan, you have to take five bites in each meal"
3950_1,1," through this diet plan, you learn self-control and ultimately learn to survive with fewer meals"
4020_1,1,"eat aloneit is a common observation, when we eat with friends, we eat a lot"
4022_1,1," therefore, if you have a habit of eating with your friends and attending get-togethers then avoid for a few months if you really do want to achieve your goals"
4023_1,1, sit alone and eat low calorie as well as small meals to get the positive consequence of your pro ana diet plan
4024_1,1, quick tip¬† eat in front of mirror
4025_1,1, this is because eating in such a way to reduce your appetite and you eat less
4026_1,1,pro ana exercise tips:exercise is as vital as a healthy and balanced diet in the pro-ana lifestyle
4031_1,1,¬†exercise before and after having meals
4036_1,1,¬†join communal diet plansthis an excellent way to get success in the pro-ana diet plan
4037_1,1, you can join social media pages where there are pro-ana followers or join the club where you meet people
4043_1,1,¬†pro ana diet plan for weight loss encourages the eating habits of anorexia in a balanced way
4047_1,1,to follow pro-ana and when you‚Äôll stop
4050_1,1,¬†faq‚Äôshow to stop eating pro ana?you can not stop eating but you can control your diet
4053_1,1,what is pro ana?pro ana is a short form of pro anorexia
4058_1,1,"how to be pro ana?before getting started, know what pro-ana is and how pro-ana tips will help you lose weight"
4059_1,1, there are various pro-ana diet plans which are mentioned above
4061_1,1, the pro-ana tips for beginners can help you start in a steady manner
4064_1,1, a promising diet plan that can melt down your fat within weeks is pro-ana diet plan
4068_1,1,"is anorexia a skill, a religion or a mental illness?adopting the pro-ana diet to lose weight when you are obese doesn‚Äôt harm but instead, you lose weight fast and easy"
4080_1,1,"filed undertips tagged withpro ana lifestyle, pro ana tipscomments great article saysjuly 12, 2019 at 5:02 pmi constantly spent my half an hour to read this tips "
2_0,0,i am going to punch her in the throat.
5_0,0,What carbs do y'all feel safe eating? I'm trying to integrate more into my diet. Any help is so much appreciated xoxo
7_0,0,"Does anyone else find that their appetite varies a lot? Some days, I fast and don't even think about food and feel like I could run a marathon and never eat again. Some days I'm so starving that even if I eat ""normally"" all day, I still feel insanely hungry and nothing satiates me.I'm the type who's obsessed with analyzing everything and finding patterns so I'm desperately trying to find patterns behind my appetite, but I'm coming up empty. It doesn't seem like I'm any hungrier following a day of fasting or any less hungry following a day of binging, or vice versa. Anyone else experience this?"
10_0,0,"We just had a more serious talk about us and my body. He usually doesn't comment on my body or eating habits out of respect for me, but this time I was pretty much pushing him for answers. Wanted to know what he was thinking. And I find out he doesn't find me attractive anymore, he liked my body better when I was hovering between obese/overweight. I'm not upset with him, but I still left the conversation to quietly cry in the bedroom. Idk what to do or feel right now..."
24_0,0,Fighting cravings!!
26_0,0,"Weekly Stats Update! March 13, 2017"
28_0,0,I can't bear it :(
32_0,0,I'm back!
33_0,0,Nutrition/protein to live off of for a few days
34_0,0,Can't stop
35_0,0,Can't decide whether to maintain or lose
36_0,0,really just had a bad week and weekend but i am not giving up!
37_0,0,Help ending a binge cycle. What's your motivation?
38_0,0,"Getting back on track, feel like a failure."
39_0,0,buzzing away from tacos
40_0,0,"Lost weight, but nothing FEELS different"
41_0,0,Denial and hiding
47_0,0,What is your food background?
48_0,0,I fucked up
51_0,0,just having a pretty good day
52_0,0,Reached First Goal! ... and then failed.
54_0,0,oh shit what the fuuucckk
55_0,0,Was cast as the fat girl in a musical...
56_0,0,NYT Investigation shows gross inaccuracies in nutrition labelling
57_0,0,Just excited
60_0,0,guys help pls
64_0,0,Emptied my new cat's litter box for the first time...
67_0,0,"For the first time in my life, I'm at a normal BMI."
68_0,0,wish id never started
69_0,0,"""Pick-me-up"" drinks?"
71_0,0,(Ôæâ‚óï„ÉÆ‚óï)Ôæâ*:ÔΩ•Ôæü‚úß It's Sunday! Post ALL the memes~
74_0,0,Reflecting over the past 2 weeks
78_0,0,Well that's pretty scary.
80_0,0,The drop off point
81_0,0,Am I deluding myself?
83_0,0,"Be careful, your French is showing..."
84_0,0,In which my fianc√© is an actual saint.
85_0,0,I just want to tell someone this
89_0,0,Has anyone elses' goal changed?
90_0,0,How do you stay cheerful?
91_0,0,Overate...again
93_0,0,Is it anxiety? Is it the 300mg of caffeine I took kicking in? The world may never know!
94_0,0,my mom has starting tell me not to lose any more weight
95_0,0,"Hearing as someone asks me :""How would you know what people with an eating disorder think? You don't know how they think""."
96_0,0,goddamn. fucking. cookies.
98_0,0,Birthday Update/Kind of an Intro
102_0,0,Does anyone else take stimulants for their ADD/ADHD?
103_0,0,Insecurities :(
104_0,0,Dry Skin Problem
106_0,0,Getting a tattoo
107_0,0,Someone posted about me in here lol
111_0,0,"'Stupid Questions' Saturday! March 11, 2017"
114_0,0,My boyfriend and I are the same weight
115_0,0,Hello!
116_0,0,Why did I ever think I could be happy?
117_0,0,I can survive spring break
118_0,0,Eating to lose?
121_0,0,Finally got my scale recommended by one of you guys!
123_0,0,"bichectomy, yay or nay?"
127_0,0,SO BLOATED :O
129_0,0,"""You don't LOOK like a runner."" [tw: shameless whining]"
132_0,0,MFP friend?
133_0,0,best friend's gf triggering af
134_0,0,What's your favourite simlple soup to make at home?
135_0,0,competitive people make me competitive
138_0,0,The End of a Friendship (Again)
139_0,0,I'm recovering. And i'm bad at it.
140_0,0,Looking to speak to someone about doctor reactions to disordered eating while overweight or obese
144_0,0,Help- Not able to do cardio due to injury
145_0,0,Pizza Bagel Chips
146_0,0,Small Victories
147_0,0,"Can't wait to try this, Smells Amazing!"
151_0,0,My thinking is so screwed
153_0,0,Is it okay...
154_0,0,Got my tongue double pierced
156_0,0,DAE feel sick after eating?
157_0,0,Timberline Knolls... again...
158_0,0,Brads veggie chips
162_0,0,Sudden revelation when nearing the end of the day
163_0,0,I'm ready to stop binging but I could really use some support!
164_0,0,I gave my binge food to a homeless lady.
165_0,0,"I'm going to a party tomorrow, and the beach next week. Lord help me..."
169_0,0,Tomorrow is a new day
172_0,0,Net Calories
173_0,0,Is this caused by my weight loss?
174_0,0,"Trying to get back to ""normal"" eating"
175_0,0,"UC Berkley Physicist answers the question ""What is the best way to reduce belly fat and overall weight?"" with ""Eat less."" Really cool little article."
176_0,0,I hate birthdays
177_0,0,Powerade zero is a lifesaver.
180_0,0,How Do you girls feel about your period?
183_0,0,(Rant) spring break woes
184_0,0,:(
185_0,0,Don't know if I'm allowed here
187_0,0,"Weekly Emotional Support March 09, 2017"
189_0,0,A bit scared. [Rant/Rave. It's a bit of both.]
190_0,0,I've lost all motivation and I can't get it back
191_0,0,Tips on controlling cravings or how to stop binging?
192_0,0,lol not giving a fuck anymore and people seem okay with it XD
193_0,0,Thought I had fallen off the wagon but nope!
3737_1,0,1 prepare yourself psychologically3
3738_1,0,2 stay hydrated3
3739_1,0,we all are aware of anorexia nervosa as a disturbing eating disorder that is observed mostly in teenagers
3740_1,0, the people suffering from this disorder experience significant weight loss as they purposely withhold themselves from eating food
3741_1,0," even when the mirror shows that they are thin, they have the perception of being fat and thus try to take very fewer calories"
3742_1,0,this condition can be linked to psychological disorders like depression and low self-esteem
3743_1,0,"usually, people have a misconception that people on an anorexic diet do not eat at all, but the truth is that they are on a diet extremely low in calories"
3744_1,0, these patients start by fasting in the initial days followed by a diet plan extremely low in calories
3745_1,0,"according to the eating disorders association, the most probable person to become anorexic is girls of 10-19 years of age"
3746_1,0," but at the same time, boys are also facing eating disorder"
3747_1,0, the trend usually begins from celebrities who are always under the camera and are judged by people for their appearance
3748_1,0, therefore today almost everyone who is conscious about their weight and body is vulnerable to become anorexic
3749_1,0," and with the right diet plan, one can easily achieve it"
3752_1,0, it is that diet plan which is reportedly favored by various hollywood celebrities including jennifer aniston
3754_1,0," yes, you heard that right"
3755_1,0, those little jars filled with pureed food can be considered as one meal or a snack for you
3756_1,0, but make sure that you do not consume more than one container
3758_1,0,but stay clear of alcoholic beverages and coffee
3759_1,0, you can ingest water repeatedly after the snack
3765_1,0, the overall concept of this diet plan is simple
3771_1,0," apart from this, you should include vitamin supplements, and some source of protein, maybe a protein drink or a protein bar which has zero fat in your diet plan"
3778_1,0,just follow the given process
3781_1,0," it may sound funny, but we are serious"
3783_1,0,and so you can include a lot of water in your diet
3784_1,0, but stay away from aerated drinks like soda
3785_1,0, it should not be part of your diet
3786_1,0, whatever drinks you include should be just low in calories and sugar
3787_1,0,anorexia is no less than a threat to the life of an individual
3788_1,0, but you can still achieve it without endangering your health
3790_1,0,hunger is a natural psychological need of human and so we are prone to overeating
3791_1,0, many times we don‚Äôt even know when to stop
3794_1,0,often we cannot differentiate between hunger and thirst
3795_1,0," most of the time when we get dehydrated, we take food instead of fluids"
3798_1,0,change in the diet plan and exercise will only be effective if it is not carried out the right way
3800_1,0," implement the right diet plan, get a constant medical control, keep a diary of your meals, and if required consult a nutritionist"
3801_1,0," but remember, starvation is not the right way , so never go that way"
3802_1,0,"that‚Äôs it, guys"
3804_1,0," we sincerely hope that you don‚Äôt really need to use these plans, but if you really need it we would suggest you undertake any of these diet plans under medical help"
3805_1,0, eat healthily and stay healthy
3806_1,0,about metheproanatips
3807_1,0,com is a website that provides the best weight loss tips for people trying to lose weight fast
3808_1,0,we provide methods which are highly effective and show excellent results so that overweight people can lose weight to get a fit body
3809_1,0,"we do not support the eating disorder anorexia in any form, and we think that it is a disease, that should be cured with immediate attention if someone is suffering from it"
3810_1,0,we do not intend to promote any eating disorder in any form
3850_0,0,Just completed a Pilates class. Feeling strong and flexible!
3851_0,0,Started a new low-carb diet. Excited to see the results.
3852_0,0,I love making smoothies with fresh fruits and vegetables. They're so refreshing and healthy.
3853_0,0,Went for a long bike ride this morning. It was a great workout and a lot of fun.
3854_0,0,Trying to cut down on sugary drinks. Opting for water and herbal teas instead.
3855_0,0,Joined a Zumba class. It's a fun way to stay active and meet new people.
3856_0,0,Cooking more meals at home. It's healthier and saves money.
3857_0,0,Incorporating more nuts and seeds into my diet for healthy fats and protein.
3858_0,0,Started tracking my sleep with an app. Trying to improve my sleep quality.
3859_0,0,Doing a daily plank challenge. It's tough but great for core strength.
3860_0,0,Trying to eat more fish for the omega-3 benefits. Salmon is my favorite.
3861_0,0,Went on a nature walk today. The fresh air and scenery were so relaxing.
3862_0,0,Experimenting with different healthy breakfast options. Overnight oats are a new favorite.
3863_0,0,Drinking a glass of warm lemon water every morning. It's a refreshing way to start the day.
3864_0,0,Started lifting weights. Feeling stronger and more confident.
3865_0,0,Cutting out late-night snacks. Trying to stick to regular meal times.
3866_0,0,Doing more meal planning and prepping. It's helping me stick to healthy eating habits.
3867_0,0,Using a standing desk at work. It's great for reducing back pain and improving posture.
3868_0,0,I love making homemade soups with lots of vegetables. They're nutritious and comforting.
3869_0,0,Taking regular breaks to stretch during the workday. It helps keep me energized and focused.
3870_0,0,Started a new running program. Building up my endurance gradually.
3871_0,0,Incorporating more whole grains into my diet. Brown rice and quinoa are my go-to's.
3872_0,0,I enjoy trying new healthy recipes. It keeps my meals interesting and nutritious.
3873_0,0,Taking a yoga class once a week. It's a great way to de-stress and stay flexible.
3874_0,0,Doing more outdoor activities like hiking and kayaking. It's fun and a great workout.
3875_0,0,Trying to eat more plant-based meals. Discovering lots of delicious options.
3876_0,0,Started using a fitness app to track my workouts. It's motivating to see my progress.
3877_0,0,I love making fresh juices with my juicer. They're a great way to get more fruits and veggies.
3878_0,0,Joined a local sports team. It's a fun way to stay active and socialize.
3879_0,0,"Trying to get more protein in my diet with foods like eggs, beans, and tofu."
3880_0,0,Doing a daily meditation practice. It's helping me stay calm and focused.
3881_0,0,Taking a dance class. It's a fun way to get exercise and learn new moves.
3882_0,0,Started a new routine of stretching every morning. It helps me wake up and feel more flexible.
3883_0,0,Cutting down on processed snacks. Choosing healthier options like fruit and yogurt.
3884_0,0,Went for a run in the park today. The scenery was beautiful and the exercise felt great.
3885_0,0,Trying to include more leafy greens in my diet. Spinach and kale are my favorites.
3886_0,0,Started taking a probiotic supplement. It's helping with my digestion.
3887_0,0,Doing more strength training exercises. I love the feeling of getting stronger.
3888_0,0,Planning my meals ahead of time. It helps me stay on track with healthy eating.
3889_0,0,Went for a swim this afternoon. It's a great full-body workout.
3890_0,0,Trying out different types of herbal teas. They are a great alternative to sugary drinks.
3891_0,0,"I love making stir-fries with lots of vegetables. They're quick, easy, and healthy."
3892_0,0,Taking a fitness class at the local community center. It's a great way to stay active.
3893_0,0,Started using resistance bands for my workouts. They add a new level of challenge.
3894_0,0,Cutting back on caffeine. Drinking more water and herbal teas instead.
3895_0,0,Incorporating more superfoods into my diet like chia seeds and flaxseeds.
3090_0,0,LPT: Making a clean first cut in round cakes
3091_0,0,LPT:  Quickly cool those buckles before putting your kids in a hot car. (x-post /r/Parenting per suggestion)
3092_0,0,"Don't burn yourself in those hard to reach candles, light a stick of spaghetti and light the wick with that."
3093_0,0,"LPT - When boarding/deplaning, wear your backpack in reverse - like you're pregnant."
3094_0,0,"LPT; Whenever someone mentions they like something, make a note of it with their contact info in your phone. Now, when their birthday rolls 'round you'll have a great big, personalized list of things to get them! :) "
3095_0,0,"LPT: Brush your tongue every day if you wish to avoid having bad breath. If your tongue is white, it's probably due to a build-up of smelly bacteria. Remember, few people are aware of their own bad breath!"
3096_0,0,"LPT: Buy restaurant-grade stuff. It lasts practically forever, and you can always find replacements to match"
3097_0,0,"LTP: Aim the camera/phone at yourself, but use the mirror to check the screen. No more dusty or generic phone-in-bathroom pics."
3098_0,0,Wear the same cologne for a year and then never wear it again
3099_0,0,LPT Request: How to negotiate a (better) salary.
3100_0,0,LPT: Applying to a Federal Job on USAjobs? Use their resume maker and use words in the job description to describe your qualifications.
3101_0,0,"LPT: Get rid of armpit stains in shirts using hydrogen peroxide, baking soda, and a dab of dish soap."
3102_0,0,"LPT: If you get stuck in the snow while driving, use your floor mats"
3103_0,0,Life Pro Tip(s): A few dating suggestions for the Socially Awkward Penguins among us.
3104_0,0,"LPT: If youre trying to lose weight and you find yourself wanting to eat before bed, drink a cup of water first. If youre still too hungry, then try brushing your teeth."
3105_0,0,LPT: Use a rubberband to keep a door from latching (no more tape mess or disassembly!)
3106_0,0,"LPT: If you have a long layover in airport, buy an airport lounge day pass on eBay for low price and enjoy complimentary snacks, drinks (even alcoholic), wifi, etc"
3107_0,0,LPT: Use a soda can tab to quickly and effectively hang objects
3108_0,0,LPT: Use a pencil case or sunglasses case to store your cables in your backpack or suitcase.
3109_0,0,LPT: Spend 99% of your time in a browser? Use fullscreen and a few simple keyboard shortcuts.
3110_0,0,LPT: Awkward with kids? Here are some tips.
3111_0,0,"LPT: If you pull a hoodie string out, stick the string in a straw and staple it. It makes it very easy to maneuver the straw back into the loop to re-fit it around the hood"
3112_0,0,LPT: More Efficient reddit browsing in 3 easy steps
3113_0,0,LPT: Imagine each new person you meet is your future best friend
3114_0,0,LPT Request: How to avoid the slowdown and bandwidth consumption caused by tracking servers (like Google Analytics)
3115_0,0,What I like to do with those left over bits of a soap bar. Homemade shower foam/gel.
3116_0,0,LPT: Making large hamburgers? Poke a dent in the middle to keep them from getting too thick when they cook
3117_0,0,LPT: For people that get paid Bi-Weekly.
3118_0,0,LPT: Bring a piece of cardboard to put under your feet at outdoor stadiums in the winter.
3119_0,0,LPT: Keep a sharp cutting tool with you in your wallet at all times by sharpening a plastic card with a knife sharpener for emergency situations
3120_0,0,"It worked! It really worked! Thank you, Life Pro Tips!"
3121_0,0,"LPT: Having trouble affording your medication? Or your pet's medication? Print this card, and save some cash- no questions asked! Plus another tip for meds. "
3122_0,0,"LPT: If you're gonna screw in your car, put the E-brake on and hump forward to back. Won't rock at all."
3123_0,0,LPT: How to stop wondering if you locked the door.
3124_0,0,"LPT: Press ""K"" to pause your YouTube video, instead of using the spacebar and having to click on the video first."
3125_0,0,How To Break Down A Door
3126_0,0,"LPT: Want to make your computer start up faster? Search 'msconfig' in taskbar, go to 'startup', deactivate programs you don't want started until you manually start them."
3127_0,0,"LPT: When to use ""Who"" and when to use ""Whom"""
3128_0,0,LPT: Search for misspelled items on eBay to score great deals [Lifehacker]
3129_0,0,Put some coffee in ice-cube trays and then into the freezer to make coffee-flavored ice. Perfect for iced coffee drinks - without watering them down.
3130_0,0,LPT: Put the Police Non-Emergency Phone Number for the Place You Live in Your Phone Contacts
3131_0,0,"LPT: If you struggle with decision making and are constantly on reddit, upvote or downvote every single post. Doing so will cause your basic decision making ability to improve."
3132_0,0,"LPT: To avoid a collision with someone walking the opposite way, immediately pick a side and stare towards it."
3133_0,0,LPT Use a post it note to catch drilling debris. [Xpost /r/pics]
3134_0,0,LPT: Put a small amount of water in a glass when you microwave your pizza to keep the crust from getting chewy
3135_0,0,How to have a perfect camera pan action
3136_0,0,LPT: Learn as though you need to teach.
3137_0,0,"LPT: Taking a cooler on a long trip? Freeze a case of water bottles and pack them around your food, instead of using ice cubes or refreezable packs. As they melt, you'll have fresh cold drinking water. +8 cooler tips inside."
3138_0,0,"LPT: For incredibly soft hands, put a teaspoon of olive oil in your hands along with a 1/2 teaspoon of sugar then rub your hands together like you are soaping your hands."
3139_0,0,LPT: The magic of Vedic math (How to easily multiply big numbers)
3140_0,0,LPT: Recover part of or the full contents of a corrupt MS Word doc by opening it in Notepad
3141_0,0,Browser Tip : Remove all the text of the bookmark tool bar shortcuts. Leaves compact easy to use icons.
3142_0,0,"LPT: Two secrets to shutting your brain off and going to sleep, from a chronic insomniac."
3143_0,0,LPT Result: Someone here suggested taking a power strip while traveling. Now I am an airport hero.
3144_0,0,"LPT: Use wooden, I-shaped racks to hang up bins in your garage easily and save space"
3145_0,0,LPT: Clear a room full of smoke in just a few minutes.
3146_0,0,"LPT: For an easily clean house, every time you enter a room, put away five things."
3147_0,0,"LPT: If you have an infant, sleep with its baby blanket for one night. The result will be your smell on the blanket, which will help comfort the kid."
3148_0,0,LPT: Travel - lost luggage? Buy new stuff and file a claim.
3149_0,0,LPT Request: what should i look for when visiting a house/apartment i'm looking to rent?
3150_0,0,"LPT: Use newspaper to clean your windows, it works extremely well"
3151_0,0,LPT. When interviewing for a job pay attention to the cars in the parking lot.
3152_0,0,"Directly link to HD quality on Youtube with ""&amp;hd=1"""
3153_0,0,"LPT: Always be friendly with people who help make your life better (janitors, secretaries, yard workers, etc)"
3154_0,0,LPT: Buy a king size flat sheet for your queen size bed.
3155_0,0,LPT: Rinse your ice when drinking sodas to maintain carbonation
3156_0,0,LOT: How to avoid getting a red light camera ticket.
3157_0,0,LPT: Keep a bottle of water next to your bed. Drink it first thing in the morning and it will help you wake up.
3158_0,0,"LPT: Detailed ""When to buy What"""
3159_0,0,When a price at Costco ends in $.97 it's their clearance price and that as low as it will go.
3160_0,0,LPT: Receive the best possible service when shopping retail by checking your watch.
3161_0,0,LPT: Put Icy Hot on mosquito bites to quickly get rid of the itch.
3162_0,0,LPT: Put bottle pourers on (those always oily) plastic cooking oil bottles
3163_0,0,LPT:  Have food in your freezer that winds up staying their forever?  Use a dry erase marker to write on the freezer door what you have in there.  Just erase when you've eaten the item.  Also works for leftovers in the fridge.  Never throw out spoiled food again.
3164_0,0,LPT: How to CORRECT your posture after your back has already hunched
3165_0,0,LPT: Tired of 2 minute brownies? Try these 60 second deep dish chocolate chip cookies in a cup!
3166_0,0,LPT: Use books to raise monitor? Use strips of paper for cable management.
3167_0,0,"LPT: If you're setting a goal for yourself, don't tell anyone about it."
3168_0,0,LPT: How to get rid of a Hickey.
3169_0,0,"LPT: If you need your clothes to dry quickly, put a dry towel in the dryer with them. It'll cut the drying time in half. "
926_0,0,"LPT: When studying a subject, pretend that you'll have to teach the material you're studying."
2927_0,0,LPT: Keep a roll of toilet paper in your car's trunk
2928_0,0,"LPT: If you have kids and are going to an asian reastraunt, bring a rubber band, and this knowledge."
2929_0,0,"LPT: If you don't wish to tip on a credit card transaction, make sure to write ""0"", ""cash"", or put a line through the tip portion of the merchant receipt and then write your final total. This helps prevent credit card fraud!"
2930_0,0,LPT: Clever trick for the crib when they grow out of it (x-post r/pics)
2931_0,0,"LPT: Keep all your user's manuals in the cloud ... when you buy something new, go to the manufacturer's site and upload the manual to Google Drive or Dropbox"
2932_0,0,LPT Request: Winterizing an old house (rental).
2933_0,0,Those hanging shoe racks are great for storing cleaning supplies (and keeps them away from the kids).
2934_0,0,MOD POST: Enough with the LPT Requests that can easily be answered with a simple Google Search.
2935_0,0,"LPT: Every time you start a new SD card on your digital camera, take a quick self-shot. If you misplace your camera and have to claim it at a lost and found later, you'll have an easier time proving that the camera is yours."
2936_0,0,LPT: Tired of having your headphones fall out during a run? Try wrapping the wire around the top of your ear.
2937_0,0,LPT: Change your perfume or deodorant after a break-up
2938_0,0,"LPT: When renaming multiple files on a windows machine, instead of pressing enter to finish the rename, press tab to instantly move to the next sequential file, with the renaming process already started."
2939_0,0,Capture fruit flies in your kitchen by taping a cone inside a cup filled with a banana slice and vinegar
2940_0,0,"LPT: When at a restaurant, wash your hands AFTER ordering. The menus are usually the the grossest thing you can touch."
2941_0,0,Need an inexpensive cookbook holder? Try a pants hanger!
2942_0,0,LPT: Use a (clean) dustpan to fill a container that doesn't fit in the sink
2943_0,0,"LPT: If you rarely dress formally, keep your accessories in your formal shoe box"
2944_0,0,LPT: Work in an office? Use a small container for water rather than a large one. This will help remind you to get up and move around more often.
2945_0,0,LPT: Shift + Delete erases embarassing suggestions in your browser.
2946_0,0,"LPT: If ever in a large crowd and faced with having to yell ""somebody call 911"", don't, and instead explicitly point to someone and say ""YOU, call 911"". This will prevent the ""Bystander Effect""."
2947_0,0,"LPT: When travelling abroad, take just one travel adapter and a power strip."
2948_0,0,LPT: How to prevent mold from growing on berries.
2949_0,0,LPT: Leave for work 20 minutes earlier than you need to - Every day.
2950_0,0,LPT: Use a Beer Koozie to hold and protect your portable Hard Drive. (Bonus: holds your cords too.)
2951_0,0,"LPT: Dandruff shampoo can be used to fight athletes foot and other topical fungal infections. The active ingredients in most dandruff shampoo's are either Selenium Sulfide or Zinc Pyrithion, both of which stop the proliferation and sporogenesis of fungi."
2952_0,0,"LPT: When travelling, take pictures of signs at the places you visit."
2953_0,0,LPT: 4 Simple ways to identify a potential stroke victim. This could help save someones life.
2954_0,0,LPT: Look yourself in the eyes when you look in a mirror
2955_0,0,"LPT: start changing the password on the family computer every week to a big hard word like ""photosynthesis"" or ""subterfuge"" so the kids will have to learn to spell it in order to get on the computer."
2956_0,0,"Use unscented dental floss to cut cakes, cheeses, and other soft solids perfectly."
2957_0,0,"LPT: When going grocery shopping, bring a laundry basket with you to put your bags in. Allows for fewer trips (carry more) and doesn't hurt your fingers/cut off circulation."
2958_0,0,LPT: Shop at Costco without a membership.
2959_0,0,LPT: How to chop an onion without crying (via Gordon Ramsay)
2960_0,0,"LPT: if you live alone or otherwise feel unsafe, and you have a car, keep your keys next to your bed. "
2961_0,0,LPT: Remove formatting when pasting in MS Word.
2962_0,0,"LPT: If you keep your phone locked with a password, use an image with an alternate phone number as your lock screen."
2963_0,0,"LPT: If you want to lose weight, stop prioritizing the taste of food and redefine it as energy."
2964_0,0,LPT: Make double batches of soup and freeze the extra in a muffin pan.  Store them in a freezer bag and defrost one serving for a quick meal.
2965_0,0,"LPT: When writing a book report, find the book in Google Books. That way you can search the whole text for specific words/passages"
2966_0,0,"LPT: Add a 2nd shower rod in the back to hang poufs, kids toys, etc."
2967_0,0,LPT: Make Better Tasting Coffee
2968_0,0,"LPT: When you have to hang something, photocopy it and use it as a template."
2969_0,0,"LPT: For a cleaner home with little effort, never leave a room empty-handed. There is almost always something you can put back in its place on your way."
2970_0,0,"LPT: When you need to ask a favor of someone, ask it upfront THEN make small talk"
2971_0,0,"LPT If sound is only coming out one side of your earphones. Put the quality on 240p, it changes the sound to mono and will put sound in both sides. (Youtube)"
2972_0,0,LPT: Crystal Clear Ice
2973_0,0,"[LPT] Add ""/zip"" after an imgur album to download a zipped version of the whole album"
2974_0,0,"LPT: Put ""needs meds"" on your pets I.d. tags."
2975_0,0,"If you feel like eating something but know that your body doesn't need food, try brushing your teeth!"
2976_0,0,"LPT: Always have a fake email address in your contact list; if a bot starts sending out spam as you, you'll get an Undeliverable Email notice."
2977_0,0,LPT: Buy condoms online instead of in a supermarket or drug store. They're WAY cheaper.
2978_0,0,LPT: Tie your key into the knot in your shoe when you're going to jog if you don't want to hold or risk hiding it.
2979_0,0,LPT: Mosquito bite? Press a hot spoon (e.g. the one you stirred your coffee with) onto the spot. The heat will destroy the protein that caused the reaction and the itching will stop.
2980_0,0,LPT: Keep your cheap flask from leaking with an O-ring. $2.27 in Home Depot plumbing isle.
2981_0,0,LPT: Always walk in like you own the place...
2982_0,0,LPT: Move your Word autosave folder into your Dropbox to keep your documents backed up if you forget to save.
2983_0,0,LPT: Hurricane preparedness: Fill freezer with plastic bags of water.
2984_0,0,MAC users - alt/option + shift + volume = smaller increment adjustment
2985_0,0,"LPT: When giving a check as a wedding gift, make it out to just the bride or just the groom"
2986_0,0,Use buckets to replace seasonal plants.
2987_0,0,"LPT - take a look at how these four things let me save up $10,000 over the last three years, which I just used as a down payment on my first house :)"
2988_0,0,[Success] fruit fly massacre using vinegar and dishwasher soap
2989_0,0,Learn to use spices by cooking them one at a time with white rice to become familiar with their flavor and intensity.
2990_0,0,"LPT: To take better notes in class, act like you are taking them for someone else. "
2991_0,0,LPT: I work with my laptop a lot. Here is my way of organising my wires on my desk.
2992_0,0,LPT store your email address as a keyboard shortcut on your iOS phone
2993_0,0,Pro Tip for your closets
3070_0,0,LPT: How to interview well.
3071_0,0,LPT Announcement: We'll be continuing with self-posts indefinitely (read more inside)
3072_0,0,"LPT:  Shift + Right Click on a folder in Windows 7 for more options including ""open command window here."""
3073_0,0,LPT: Generally Only Show About 5 Photos From Any Set
3074_0,0,LPT: Making GLOWING drinks for black light parties by adding a bit of tonic water!
3075_0,0,Get baked food off your glass cookware by scrubbing it with a bit of aluminum foil
3076_0,0,"LPT: On any site where you have a long comment history, be sure to occasionally drop in ""decoy"" comments that will lead astray anyone who's mining your history for personal information."
3077_0,0,Enter a false password first if you're suspicious
3078_0,0,LPT: Need a list of failed LPT's.
3079_0,0,"LPT: When buying a romantic card, select two. Then write the inscription from card a into card b and pretend you can write sweet things."
3080_0,0,LPT: Scan/take pictures of assignments before you hand them in
3081_0,0,"LPT: Whenever your new kitten falls asleep, play with her paws and push her claws in and out. She'll get used to it and then you can trim her nails while she's sleeping."
3082_0,0,LPT: Use egg nog instead of milk in french toast for a holiday treat.
3083_0,0,"LPT: When cutting jalapenos, fish, garlic and/or anything that tends to stick on your fingers"
3084_0,0,"LPT: If you buy something on Amazon and the price goes down within 30 days of your purchase, you can e-mail them and they will refund how much the price went down."
3085_0,0,"If imgur isn't working, just replace the the imgur part of the link with filmot (e.g. http://i.filmot.com/RKA2n.jpg)"
3086_0,0,LPT: Wrap a wet paper towel around your beverage and put it in the freezer. In about 15 minutes it will be almost completely ice cold.
3087_0,0,"LPT. Laundry baskets work well for groceries, but in the Netherlands we use these."
3088_0,0,LPT: you don't have to buy the package
3089_0,0,"LPT: If you're ever in the situation where CPR is urgently required, compress hard to the beat of ""Stayin' Alive"" - by the Bee Gees. It's the correct timing of compressions."
3090_0,0,LPT: Making a clean first cut in round cakes
3091_0,0,LPT:  Quickly cool those buckles before putting your kids in a hot car. (x-post /r/Parenting per suggestion)
3092_0,0,"Don't burn yourself in those hard to reach candles, light a stick of spaghetti and light the wick with that."
3093_0,0,"LPT - When boarding/deplaning, wear your backpack in reverse - like you're pregnant."
3094_0,0,"LPT; Whenever someone mentions they like something, make a note of it with their contact info in your phone. Now, when their birthday rolls 'round you'll have a great big, personalized list of things to get them! :) "
3095_0,0,"LPT: Brush your tongue every day if you wish to avoid having bad breath. If your tongue is white, it's probably due to a build-up of smelly bacteria. Remember, few people are aware of their own bad breath!"
3096_0,0,"LPT: Buy restaurant-grade stuff. It lasts practically forever, and you can always find replacements to match"
3097_0,0,"LTP: Aim the camera/phone at yourself, but use the mirror to check the screen. No more dusty or generic phone-in-bathroom pics."
3098_0,0,Wear the same cologne for a year and then never wear it again
3099_0,0,LPT Request: How to negotiate a (better) salary.
3100_0,0,LPT: Applying to a Federal Job on USAjobs? Use their resume maker and use words in the job description to describe your qualifications.
3101_0,0,"LPT: Get rid of armpit stains in shirts using hydrogen peroxide, baking soda, and a dab of dish soap."
3102_0,0,"LPT: If you get stuck in the snow while driving, use your floor mats"
3103_0,0,Life Pro Tip(s): A few dating suggestions for the Socially Awkward Penguins among us.
3104_0,0,"LPT: If youre trying to lose weight and you find yourself wanting to eat before bed, drink a cup of water first. If youre still too hungry, then try brushing your teeth."
3105_0,0,LPT: Use a rubberband to keep a door from latching (no more tape mess or disassembly!)
3106_0,0,"LPT: If you have a long layover in airport, buy an airport lounge day pass on eBay for low price and enjoy complimentary snacks, drinks (even alcoholic), wifi, etc"
3107_0,0,LPT: Use a soda can tab to quickly and effectively hang objects
3108_0,0,LPT: Use a pencil case or sunglasses case to store your cables in your backpack or suitcase.
3109_0,0,LPT: Spend 99% of your time in a browser? Use fullscreen and a few simple keyboard shortcuts.
3110_0,0,LPT: Awkward with kids? Here are some tips.
3111_0,0,"LPT: If you pull a hoodie string out, stick the string in a straw and staple it. It makes it very easy to maneuver the straw back into the loop to re-fit it around the hood"
3112_0,0,LPT: More Efficient reddit browsing in 3 easy steps
3113_0,0,LPT: Imagine each new person you meet is your future best friend
3114_0,0,LPT Request: How to avoid the slowdown and bandwidth consumption caused by tracking servers (like Google Analytics)
3115_0,0,What I like to do with those left over bits of a soap bar. Homemade shower foam/gel.
3116_0,0,LPT: Making large hamburgers? Poke a dent in the middle to keep them from getting too thick when they cook
3117_0,0,LPT: For people that get paid Bi-Weekly.
3118_0,0,LPT: Bring a piece of cardboard to put under your feet at outdoor stadiums in the winter.
3119_0,0,LPT: Keep a sharp cutting tool with you in your wallet at all times by sharpening a plastic card with a knife sharpener for emergency situations
3120_0,0,"It worked! It really worked! Thank you, Life Pro Tips!"
3121_0,0,"LPT: Having trouble affording your medication? Or your pet's medication? Print this card, and save some cash- no questions asked! Plus another tip for meds. "
3122_0,0,"LPT: If you're gonna screw in your car, put the E-brake on and hump forward to back. Won't rock at all."
3123_0,0,LPT: How to stop wondering if you locked the door.
3124_0,0,"LPT: Press ""K"" to pause your YouTube video, instead of using the spacebar and having to click on the video first."
3125_0,0,How To Break Down A Door
3126_0,0,"LPT: Want to make your computer start up faster? Search 'msconfig' in taskbar, go to 'startup', deactivate programs you don't want started until you manually start them."
3127_0,0,"LPT: When to use ""Who"" and when to use ""Whom"""
3128_0,0,LPT: Search for misspelled items on eBay to score great deals [Lifehacker]
3129_0,0,Put some coffee in ice-cube trays and then into the freezer to make coffee-flavored ice. Perfect for iced coffee drinks - without watering them down.
3130_0,0,LPT: Put the Police Non-Emergency Phone Number for the Place You Live in Your Phone Contacts
3131_0,0,"LPT: If you struggle with decision making and are constantly on reddit, upvote or downvote every single post. Doing so will cause your basic decision making ability to improve."
3132_0,0,"LPT: To avoid a collision with someone walking the opposite way, immediately pick a side and stare towards it."
3133_0,0,LPT Use a post it note to catch drilling debris. [Xpost /r/pics]
3134_0,0,LPT: Put a small amount of water in a glass when you microwave your pizza to keep the crust from getting chewy
3135_0,0,How to have a perfect camera pan action
3136_0,0,LPT: Learn as though you need to teach.
3137_0,0,"LPT: Taking a cooler on a long trip? Freeze a case of water bottles and pack them around your food, instead of using ice cubes or refreezable packs. As they melt, you'll have fresh cold drinking water. +8 cooler tips inside."
3138_0,0,"LPT: For incredibly soft hands, put a teaspoon of olive oil in your hands along with a 1/2 teaspoon of sugar then rub your hands together like you are soaping your hands."
3139_0,0,LPT: The magic of Vedic math (How to easily multiply big numbers)
3140_0,0,LPT: Recover part of or the full contents of a corrupt MS Word doc by opening it in Notepad
3141_0,0,Browser Tip : Remove all the text of the bookmark tool bar shortcuts. Leaves compact easy to use icons.
3142_0,0,"LPT: Two secrets to shutting your brain off and going to sleep, from a chronic insomniac."
3143_0,0,LPT Result: Someone here suggested taking a power strip while traveling. Now I am an airport hero.
3144_0,0,"LPT: Use wooden, I-shaped racks to hang up bins in your garage easily and save space"
3145_0,0,LPT: Clear a room full of smoke in just a few minutes.
3146_0,0,"LPT: For an easily clean house, every time you enter a room, put away five things."
3147_0,0,"LPT: If you have an infant, sleep with its baby blanket for one night. The result will be your smell on the blanket, which will help comfort the kid."


